16,recourse,cornice,construct,subs,bowen,mmpred,prov,publications,oxley,presentations,kirby,gas,business,america,new,sent,john,original,enron
1858,recourse,spec,construct,subs,righi,needham,prov,publications,oxley,surfing,greeting,kirby,subscribe,gas,new,sent,original,enron
15,spec,phases,skinner,mmpred,publications,sucks,greeting,subscribe,gas,business,america,new,sent,john,original,enron
1860,cornice,phases,sucks,subscribe,sent
86,bowen,gas,business,new,john,enron
320,skinner,business,america,new,original,enron
289,stick,new,sent,john
172,stick,business,new,original,enron
1496,mmpred,sent,original
3510,righi,presentations,kirby,enron
2420,righi,prov,presentations,greeting,kirby
1266,needham
2025,needham,greeting,john
11781,publications,surfing,presentations,business,enron
10542,publications,surfing
7293,oxley,new,enron
5050,oxley,john
4289,oxley,presentations,kirby
13490,surfing,america
14230,surfing
6781,presentations
6870,presentations
11935,presentations
11969,presentations
11934,presentations
4607,sucks,sent,original,enron
12789,sucks
13892,sucks
10524,sucks
12595,sucks,sent,original
19827,sucks
9371,sucks
7735,sucks
18574,greeting
17899,greeting
27654,greeting
11848,greeting,new
17345,greeting
14632,greeting
27432,greeting
26855,greeting
19642,greeting
26755,greeting
11157,greeting
14677,greeting
26865,greeting
13227,greeting
28666,greeting
24525,greeting
5824,kirby
5959,kirby
10442,kirby
5960,kirby
10405,kirby
11841,kirby
5825,kirby
11829,kirby
10490,kirby
11851,kirby
10545,kirby
5826,kirby
10522,kirby
10556,kirby
6119,kirby
10924,subscribe,america,john,original,enron
10920,subscribe,enron
9203,subscribe,new,john,enron
7578,subscribe
9207,subscribe,america,john,original,enron
4677,subscribe,sent,john,original,enron
7564,subscribe
9537,subscribe,enron
4676,subscribe,sent,john,original
9952,subscribe
9213,subscribe
7892,subscribe,enron
7891,subscribe,enron
12799,subscribe
12812,subscribe
11537,subscribe,new
9536,subscribe,enron
13127,subscribe,enron
13128,subscribe,enron
12275,subscribe,new
10922,subscribe,enron
1205,gas
321,gas
436,gas,enron
1395,gas,original
1006,gas
328,gas
1188,gas
846,gas
1076,gas
1386,gas,sent,original
1393,gas,original
157,gas
1330,gas,enron
657,gas
1109,gas
1180,gas
1251,gas
275,gas,enron
448,gas,enron
1041,gas
395,gas,america
38,gas
453,gas
621,gas
721,gas,original
1278,gas
310,gas
109,gas
249,gas,new
134,gas
341,gas
517,gas
1324,gas
1134,gas
1183,gas
891,gas,enron
1363,gas
502,gas
1331,gas
361,gas
981,gas
1087,gas,enron
970,gas,john
1197,gas
18,gas
499,gas
1074,gas
461,gas
1437,gas,original
104,gas
95,gas
771,gas,business
1217,gas
1085,gas,enron
509,gas,enron
1352,gas
1396,gas
1244,gas
1385,gas,sent,original
1400,gas,sent
200,gas
337,gas
418,gas
108,gas
581,gas,enron
426,gas
1436,gas
681,gas
949,gas
1383,gas,sent
1045,gas
242,gas
1369,gas
1366,gas
235,gas,enron
704,gas
691,gas
1147,gas,new
431,gas
432,gas
155,gas
525,gas
1077,gas,enron
269,gas
1203,gas
1333,gas
627,gas,enron
1321,gas,enron
308,gas
546,gas
600,gas,new
1358,gas,original
832,gas
1044,gas
550,gas
1130,gas,enron
336,gas
1355,gas,sent
1372,gas
1158,gas,enron
228,gas,enron
1112,gas
6092,business
10574,business
7992,business,new,enron
1708,business
2544,business,john,enron
2283,business,john,enron
1207,business
497,business
11641,business,new
4189,business,enron
4929,business,sent,john,original
3466,business
6441,business,america,enron
11721,business,enron
4185,business,enron
2555,business,enron
6831,business,new,enron
1541,business
10617,business
2897,business,enron
5779,business
11983,business,enron
10417,business,enron
6274,business,enron
6190,business
11813,business
11380,business,enron
2550,business,original,enron
6613,business,new,john,enron
3143,business,enron
1008,business
4547,business,original,enron
6128,business
3238,business
4237,business,sent,original
11732,business,enron
6865,business,new,john,enron
12084,business
4180,business,enron
11507,business,enron
5760,business,enron
1700,business
10700,business
3312,business,original,enron
3299,business,enron
5757,business
7260,business
10292,business
11862,business,enron
10567,business
3518,business,enron
503,business
3314,business,enron
1079,business
12415,business,enron
10615,business,enron
3293,business,enron
11982,business,enron
2794,business,enron
9647,business,new
3553,business,new
2528,business,enron
2827,business,enron
5658,business
12240,business
5622,business
6021,business,sent,original
5367,business,john,enron
3124,business,enron
5566,business
4890,business,enron
5560,business
6868,business,new,enron
10299,business,enron
6721,business
11828,business,new
12180,business,new
10274,business,enron
9535,business
6101,business,enron
3360,business
9751,business
10310,business,enron
6670,business
4187,business,enron
6258,business
2976,business,new
4184,business,enron
13159,business,new,enron
3321,business,enron
4394,business
6018,business,original,enron
12147,business
2749,business,sent,enron
9809,business
11744,business,enron
6318,business,new,john,enron
3659,business
10472,business
4549,business,sent,original,enron
11479,business
5714,business,enron
10404,business,enron
856,business
10376,business,enron
2543,business,enron
10327,business
11284,business
10394,business
10628,business,enron
10637,business,enron
6743,business,america,enron
5945,business
10448,business,enron
10265,business
11859,business,enron
11957,business,enron
6912,business,america,enron
11734,business,enron
903,business
2498,business,enron
5557,business,sent,enron
5518,business,enron
4176,business,john,enron
5580,business,enron
10144,business,new,enron
6069,business
4307,business
5976,business
3294,business,sent,original,enron
10013,business
10619,business,enron
11921,business,enron
10426,business,enron
10863,business
3693,business
11988,business,enron
2541,business,enron
11193,business,new,enron
6582,business
6022,business
6655,business,enron
1346,business
4179,business,enron
10296,business,enron
10298,business,enron
3658,business
7347,business,enron
10871,business
6195,business
3858,business,new
2842,business,enron
1018,business
4181,business,sent,john,enron
5869,business
10407,business,new
4206,business
11860,business,enron
6184,business
9659,business
10373,business
7229,business,sent
12299,business,enron
11730,business,enron
11724,business
2426,business
9780,business,enron
3722,business
4439,business,new,enron
6794,business,enron
750,business
9913,business,enron
6463,business
2549,business
3328,business,enron
10340,business,enron
11844,business,enron
10523,business
10620,business
3364,business,new
3295,business,enron
6934,business
6423,business,new,enron
2436,business,enron
2497,business,enron
5985,business,enron
2617,business
6862,business,enron
1463,business
2905,business,enron
11857,business,enron
12327,business
4123,business,enron
5872,business
719,business
913,business
5617,business
1934,america,john
8175,america,enron
9392,america,enron
7844,america,enron
1027,america
7308,america
9466,america,enron
10218,america
7461,america,enron
1227,america
12795,america,new
7628,america
8590,america,enron
13388,america,enron
4998,america
8424,america
7925,america,enron
10686,america
7560,america,new
8380,america,enron
12811,america,sent,original
7751,america
9065,america
7940,america
1736,america
12965,america
11051,america
9088,america,enron
8489,america
10727,america,enron
8314,america
12996,america
13148,america,enron
12862,america
7978,america,enron
8833,america
13523,america
7922,america
7778,america,enron
9067,america
8945,america
1305,america
10151,america,enron
9346,america
12944,america,enron
8335,america
10193,america
7755,america,enron
9110,america
7715,america,enron
8073,america
13326,america
11186,america,enron
12094,america
13235,america
8122,america,enron
8450,america
10131,america,enron
13465,america,enron
10596,america,new
7955,america,new,enron
8961,america
13574,america
10926,america
13092,america
7979,america,enron
8288,america,enron
75,america,john
9512,america
10505,america
1230,america
11677,america,enron
3633,america
9611,america,enron
8021,america,enron
10215,america
8491,america
7876,america
7736,america
8598,america
10876,america
13005,america
10083,america
8695,america,enron
13167,america,enron
9152,america,enron
9014,america
7875,america
8313,america
1235,america
8822,america
9246,america,enron
7537,america
11229,america,enron
9610,america,enron
9179,america
7675,america,enron
10085,america
8389,america
13558,america,enron
9489,america
10979,america,original
10133,america,enron
7513,america
10236,america,enron
10067,america,enron
9120,america
13394,america,enron
3972,america,john
12986,america
12980,america
2190,america
10081,america
13106,america
8222,america,enron
13294,america,enron
10931,america
11832,america
9388,america,enron
8037,america
12951,america,original
8666,america,enron
1618,america
7981,america,enron
8951,america
10130,america,enron
8000,america,enron
8986,america
4601,america,original
13566,america
8071,america,enron
8008,america
13238,america,enron
9762,america,enron
8445,america
9511,america
13074,america,enron
185,america
8889,america
10726,america,enron
9178,america,enron
5017,america,john
8129,america,enron
8795,america,enron
13514,america
7553,america,enron
13212,america
11524,america,enron
3690,america,john,enron
9263,america
12149,america,enron
10187,america
7489,america
11185,america,enron
13524,america,enron
8770,america
11058,america,new
11178,america
13296,america
7949,america
13346,america,enron
11220,america
13312,america,enron
11351,america
9408,america,enron
10073,america
10101,america
10608,america
13232,america
13233,america
8556,america
9357,america,original
12849,america
11154,america
9186,america,enron
7853,america
6443,america
12976,america
5444,america
7613,america,enron
8043,america
8880,america
7931,america
7753,america,enron
13561,america,enron
11166,america
8461,america
10927,america
9811,america,new,john,enron
8522,america
9153,america
13145,america,enron
8554,america
5042,america
13211,america,enron
7932,america
9400,america,enron
13488,america,enron
9498,america
5033,america,john
7950,america
10162,america
11775,america
13115,america
11116,america
2866,america
10084,america
9372,america
8066,america
8180,america
8002,america
12845,america,enron
13491,america
10102,america
9488,america,enron
9146,america
8311,america,enron
8471,america
7832,america,enron
10150,america,enron
8508,america
7933,america
12060,america,enron
1190,america
8691,america,enron
8377,america,enron
8798,america
8906,america
13241,america
9140,america,enron
8216,america,enron
8697,america,enron
8012,america
2635,america,new,john,enron
10965,america,enron
8394,america
8920,america,new,enron
9755,america,enron
7722,america,original
8068,america
7542,america,enron
8220,america,enron
3903,america
7999,america,enron
13205,america
9176,america,enron
13189,america,enron
8884,america
7806,america
1622,america,john
13083,america
8873,america,enron
12285,america,enron
3703,america,enron
8087,america,enron
10531,america
8484,america
11217,america
13117,america
9071,america
2722,america
8869,america,enron
10107,america,new,enron
13392,america,enron
13105,america
13582,america
11527,america,enron
8194,america,enron
8848,america
9163,america
9193,america,new
7529,america
13166,america,enron
12788,america,enron
12279,america,enron
13253,america,enron
3829,america
13364,america,enron
8835,america,enron
8992,america
7929,america
8055,america
7862,america
12511,america,enron
13223,america
8596,america
398,america
9550,america
1951,america,john
7544,america,enron
10152,america,enron
1960,america
10221,america,enron
8973,america
8613,america,enron
11549,america
7948,america
13146,america,enron
4653,america,sent
11676,america,enron
13062,america,enron
8459,america
5854,america,new,john
8402,america
4026,america
2760,america,john
8146,america,enron
8423,america,new,enron
11708,america
2743,america,john
5685,america
13349,america
11151,america
1611,america
7507,america,enron
13070,america
13121,america,new,enron
7520,america
1827,america
8159,america
8345,america,enron
9478,america,enron
8178,america,enron
8001,america,enron
11797,america,new
13343,america,enron
8649,america,enron
13570,america
8897,america
13287,america,enron
9386,america
8797,america
13177,america
2769,america
13180,america
2572,america
12982,america,enron
8065,america
8963,america
13291,america,enron
7480,america
7519,america,enron
10158,america
7319,america
10216,america
10171,america,enron
13169,america,enron
8131,america
11218,america
9350,america,enron
7545,america
632,america
535,america
11199,america,enron
12984,america,enron
3674,new
5631,new,enron
715,new
5587,new
5135,new
11784,new,john
9589,new
11868,new
5785,new
11484,new
5971,new,enron
3946,new
6777,new
3789,new
2485,new
10831,new
7850,new
422,new
12132,new
9622,new
416,new
8981,new
6982,new,sent,original,enron
10489,new
9312,new
10636,new
13402,new,enron
7019,new,sent,original,enron
7855,new
5516,new
11163,new
9993,new
6940,new,enron
6595,new
12446,new
9869,new
11290,new,john,enron
8086,new,original
13085,new
10865,new
4589,new
8228,new,enron
8647,new,john
13403,new,enron
11716,new
11901,new,john
6301,new
13580,new,enron
4112,new
859,new
7238,new,original,enron
12785,new,enron
8519,new
866,new
624,new
4131,new
10501,new
1294,new,enron
1777,new
6473,new
4661,new,john
11621,new
13405,new
10918,new
343,new
5726,new
7684,new
3501,new
7392,new
11717,new
3640,new,enron
6987,new,original
2861,new
6716,new,enron
5903,new
3595,new
12459,new,enron
5865,new
3748,new
11849,new
13081,new
1796,new
9296,new
10280,new
13444,new
6418,new
10875,new
643,new
12909,new
2927,new
7292,new,enron
3588,new
4651,new
9996,new
9485,new,original
13252,new,original
7069,new,enron
11814,new
8479,new
8741,new
11457,new
6700,new,enron
8480,new,enron
12628,new
3794,new
7007,new
8943,new
11022,new,enron
9958,new,enron
12728,new,sent,original,enron
9801,new
11910,new
12477,new
5615,new
4975,new,john
7421,new
6469,new,enron
10847,new
7848,new,original
5692,new
3608,new
629,new,john,enron
1819,new
10352,new
12465,new,original
6712,new
11263,new
7186,new
8704,new,enron
580,new
3652,new
10313,new
219,new
10606,new
10378,new
13401,new,enron
4498,new,john
2241,new,john
11666,new
1901,new,john,enron
10325,new
2977,new
9195,new
705,new
916,new
3844,new
11387,new,original
12632,new,sent,original
7396,new,sent,original,enron
11788,new
10644,new
5942,new,enron
11303,new
4367,new
10122,new
9646,new
5908,new
10111,new
7677,new
695,new
7562,new
10888,new
272,new
10822,new
10353,new
9726,new
5506,new
6859,new,enron
356,new,enron
902,new
4013,new
5324,new,john
12524,new
10468,new
12197,new
9979,new
6453,new
6629,new
2608,new,enron
12521,new
331,new
5815,new,enron
7959,new
1574,new,sent,john,original
2182,new
12916,new
9321,new
11780,new
5919,new
10605,new
10465,new
10384,new
12562,new,enron
3842,new
11919,new
5747,new,enron
11595,new
5832,new
12389,new
6853,new
9320,new
8334,new,original
13438,new
3396,new
10135,new
726,new,enron
10887,new
7983,new
1535,new
1335,new
10941,new
7429,new
2592,new
3477,new,sent,john,original
3928,new
12153,new
2121,new
4878,new
865,new,john
1343,new
714,new
12406,new,original
9969,new
1829,new
3713,new
3103,new,john
1123,new
1835,new
6468,new,enron
12059,new
10471,new
11335,new,enron
11424,new
5470,new
8455,new
4300,new
457,new
6996,new
4107,new
8261,new
12260,new
1848,new
8231,new
1246,new
3719,new
5691,new
10367,new,original,enron
13125,new
10728,new
6683,new
8262,new
10946,new,enron
10894,new,john
1444,new,enron
11909,new
9805,new
1249,new
10537,new
10857,new
5211,new
5839,new
4858,new,sent
11298,new
11069,new
13066,new,enron
6707,new
99,new
2577,new
12323,new
11964,new,enron
2387,new
7458,new,sent
11889,new
13332,new
13581,new
10023,new
8443,new
4786,new,john
12417,new
7523,new
1159,new
11739,new
7393,new,sent,original,enron
9592,new,enron
10784,new
11196,new
11745,new
9492,new
12295,new
10380,new
11552,new
6186,new,enron
12210,new
11671,new
2127,new
10600,new
11831,new
8982,new,enron
10270,new
12376,new
9183,new,enron
5389,new
12016,new
2970,new
9722,new
277,new,enron
7856,new
8742,new
12917,new
12431,new,sent
12248,new
7686,new
7154,new,enron
2052,new
8400,new,enron
11923,new
12530,new
8896,new
6939,new,enron
9487,new
3517,new,enron
6174,new,sent,original,enron
13513,new,original
3251,new
8706,new,enron
11642,new
6717,new,enron
5099,new,enron
2557,new,john,enron
9471,new,enron
4077,new,john
9735,new
9991,new
5205,new
7548,new,enron
9621,new
8804,new
6064,new
3421,new
4316,new
11348,new
8401,new
6194,new
2495,new
5680,new
9915,new
12426,new
3700,new,enron
12004,new,john
2433,new
6002,new,sent,john
1823,new,john,enron
12751,new,original
493,new
6591,new
6653,new
12348,new
7836,new,enron
1047,new
5722,new
12103,new
4647,new
10235,new,original
7400,new,sent,enron
12797,new
9149,new
8705,new,enron
1001,new
1678,new
13437,new
11787,new
2423,new
13150,new
6590,new,sent,original,enron
8895,new,enron
13086,new
10989,new
6586,new
3544,new,john
8230,new,enron
3642,new
578,new
6486,new,enron
10940,new
11299,new
6243,new
11718,new
716,new,enron
8229,new,enron
10481,new
9026,new
11564,new
8956,new
6804,new,enron
8570,new
3656,new
1071,new
3171,new
12514,new
4246,new
4326,new
9615,new
12475,new
9157,new
1647,new
3677,new
11209,new
13078,new,original
1467,new
12469,new,john,enron
1129,new,john,enron
4983,new,john,enron
10607,new
898,new
2004,new,enron
3890,new,sent,john,original
11772,new
11994,new,original,enron
10371,new
10497,new
9835,new
3445,new,enron
10370,new
12136,new
9681,new
9712,new
12520,new
9680,new
7375,new
9391,new
7373,new,sent,enron
11378,new
6576,new
3462,new
4024,new
5672,new
3697,new
10456,new
3845,new
6944,new
5920,new,sent,original,enron
3565,new
9491,new
5164,new
2081,new
6633,new
9775,new
792,new,enron
3682,new
2307,new
12159,new
3417,new,original
10397,new
7822,new
934,new
6597,new,sent,original,enron
10039,new,john
3491,new,enron
227,new
8756,sent
9919,sent,original
12669,sent,original,enron
3868,sent,john,original,enron
4728,sent,john,original,enron
10519,sent,original
4779,sent,original
3432,sent,john,original,enron
11736,sent,original,enron
4938,sent,john,original
7782,sent
12592,sent,original
2135,sent,original
3346,sent,original
4518,sent,john,original
7268,sent,original
8405,sent,original
3422,sent,enron
4526,sent,john
3578,sent,john,original,enron
4729,sent,john,original,enron
5933,sent,original,enron
12752,sent,original
13458,sent,original
3654,sent,john
4262,sent,john
4191,sent,john,original,enron
7023,sent,enron
9093,sent,enron
2950,sent,original
4902,sent,original
13215,sent,john,enron
4474,sent,john,original
948,sent,original
4252,sent,john,original
9083,sent,enron
12589,sent,original
4093,sent,john,original
869,sent,original,enron
7442,sent,original,enron
2288,sent,original,enron
4785,sent,original
4781,sent,original
5272,sent,enron
12626,sent,original
12729,sent,enron
11567,sent
4841,sent,original,enron
4256,sent,enron
4907,sent,original
5591,sent,original,enron
5371,sent,original,enron
1509,sent
4507,sent,original
4895,sent,john,original,enron
7142,sent
4223,sent,original,enron
4505,sent,john,original
4670,sent,john,original
3550,sent,john,enron
12504,sent
4475,sent,john,original
1417,sent
5831,sent,original
10638,sent,original
3676,sent
5264,sent,enron
3191,sent,john,original
4389,sent,john,original
11442,sent,original
12754,sent,original
7077,sent,original,enron
3118,sent,enron
11488,sent
2110,sent,original
4743,sent,john,original
4945,sent,john,original,enron
10243,sent
4723,sent,john,original
4961,sent,john
12718,sent,original,enron
1525,sent,original,enron
4236,sent,original,enron
13011,sent
4615,sent,john,original,enron
10335,sent,original,enron
12421,sent,original
9854,sent,original
3395,sent,original
3583,sent,john,original,enron
3039,sent,john
4461,sent,original
3814,sent,john,original
3336,sent,john
4666,sent,original
7080,sent,original,enron
4408,sent
13259,sent
3815,sent,john,original
2945,sent,original
2111,sent
3431,sent,original
4903,sent,john
10535,sent,original
1263,sent,original
2946,sent
7004,sent
10812,sent
4748,sent,john,original
5190,sent,original
4679,sent
4910,sent,john,original
12690,sent,original,enron
4574,sent,john,original
5187,sent
10547,sent
10614,sent
7414,sent,original
1029,sent,john,original
1378,sent
12591,sent
4898,sent,john,original,enron
7017,sent,original,enron
9551,sent,original
4747,sent
4639,sent,original
4706,sent,john
8168,sent,original
4745,sent,john,original
9419,sent
10387,sent,original
1589,sent,john,original
6133,sent,original
7210,sent,original
7633,sent,original
11462,sent
11434,sent,original
12035,sent,enron
12703,sent,original
3408,sent,john,original
4418,sent,enron
13244,sent,original
3566,sent,john,original
4580,sent,john,original
3413,sent
7076,sent,enron
12704,sent,original
4198,sent,john,original,enron
12700,sent
4644,sent,john
1424,sent,original,enron
4940,sent,enron
7262,sent,original
3494,sent,john,original
2951,sent,original
4896,sent,john,original,enron
4520,sent
6173,sent,original,enron
11108,sent,original
10226,sent,original
1485,sent,original
3948,sent,john,original
4555,sent,john
8762,sent,original
6177,sent,original
4889,sent,john,original
12702,sent,original
921,sent
4429,sent
13152,sent,enron
1515,sent,original
2177,sent,john
2937,sent
4445,sent,original
10692,sent,original
7205,sent,enron
3954,sent,john,original
3533,sent,john,original
7306,sent,original
2113,sent
10320,sent
3857,sent,original,enron
11004,sent,original
4490,sent,enron
4944,sent,john,original,enron
12055,sent
12675,sent,original,enron
10534,sent,original
12584,sent
1527,sent,original
4771,sent,john,original
4695,sent,original
1521,sent,original,enron
7258,sent,original
9699,sent,john
7327,sent,original,enron
4769,sent,original
4506,sent,original
4840,sent,enron
4641,sent,john,original
4759,sent
7443,sent
12730,sent,enron
4737,sent,john,enron
878,sent,original,enron
7203,sent
3370,sent,original
6175,sent,original
3626,sent
4735,sent,john,original
4611,sent,john
1540,sent
5409,sent,john,original
12758,sent,original,enron
2181,sent,enron
4513,sent
4559,sent,john,original
4544,sent
4447,sent
12089,sent,original
4456,sent,original
7036,sent,original
12343,sent
6170,sent,original,enron
4900,sent,john,original,enron
8637,sent,original
7031,sent,original
7444,sent,original
11903,sent
4593,sent,john,original
7356,sent,original,enron
7112,sent,original
10685,sent,original
11109,sent,original
6155,sent
3731,sent,john
4603,sent,original
7046,sent,enron
4689,sent,john,original
4859,sent
12623,sent
593,sent,original
4438,sent,original
10252,sent,original
7153,sent,original
12670,sent,original,enron
2956,sent,original
4652,sent,original
3152,sent,original,enron
13034,sent
4901,sent,john,original,enron
3523,sent,john,original
3956,sent,john,original
2536,sent,original,enron
4721,sent,john,original
5188,sent
12227,sent,john,original
3610,sent,john
1570,sent,original
1529,sent,original,enron
6130,sent
4826,sent,john,original
1438,sent,original
3196,sent,john
3861,sent,john,original
1576,sent,original
4533,sent,john,original
2188,sent,enron
10227,sent,original
10832,sent
12646,sent
1054,sent
1514,sent,original,enron
4686,sent,john,original
12569,sent,original
2101,sent,original
4441,sent,original
12657,sent,original,enron
12775,sent
4942,sent,john,original,enron
3290,sent,enron
4684,sent,john,original,enron
10341,sent,enron
9828,sent
1586,sent,john,original
12760,sent
11587,sent,john,original
4766,sent,original
7013,sent,original,enron
10467,sent,original
1416,sent
1370,sent,original
2115,sent,original
4894,sent,john,original,enron
8191,sent
3813,sent,john,original
4696,sent,john,original
3796,sent,john
12606,sent
4946,sent,john
1405,sent
7015,sent,original
5197,sent,original
6594,sent,original
4768,sent,john,original
7246,sent
9859,sent,original
12762,sent,original
7193,sent,original
4207,sent,john,original,enron
2107,sent,original
5222,sent,original
10319,sent,original
10643,sent,original
12691,sent,enron
8169,sent,original
4473,sent,original
5196,sent
12676,sent,original
12711,sent,original
2958,sent
2955,sent
4744,sent,john,original
3685,sent,enron
7055,sent,original
4936,sent,john,original
8604,sent,original
4776,sent,john,original,enron
7805,sent
1689,sent
12579,sent
1026,sent,john,original
4632,sent
4704,sent
12705,sent
5955,sent,original
12726,sent,enron
7267,sent,original
4443,sent,john
4740,sent,original
12613,sent,original
8636,sent,original
12733,sent,original
10530,sent,enron
2987,sent,original
1151,sent,original
4879,sent,john,original,enron
6985,sent,original
12365,sent,original
4564,sent,john,original
4462,sent,original,enron
3534,sent,john,original
5752,sent,original
4870,sent,john,original
5186,sent,original
11589,sent,original
11776,sent,enron
3559,sent,original
4712,sent,john,original,enron
5818,sent,john,original
3852,sent,john,original
7078,sent,original,enron
7243,sent,enron
12710,sent,enron
4426,sent,original
1449,sent,original,enron
1523,sent,john
6598,sent,original
2105,sent,original
1573,sent,original
7043,sent,enron
10739,sent
5189,sent,original
4529,sent,john,original
6161,sent,original
4690,sent,john,original
783,sent
5736,sent,original,enron
7273,sent,original
10550,sent,original
13302,sent,original
12619,sent,original
10549,sent,original
5725,sent,original
4935,sent,john,original
2944,sent,original
10476,sent,original,enron
8292,sent
13030,sent,original
3580,sent,enron
4202,sent,john,original
10066,sent,original
10488,sent,original
4876,sent,john,original,enron
11920,sent,original
12720,sent,original,enron
11930,sent
3461,sent,john
11660,sent,original
4849,sent,original
2142,sent,original
12725,sent,original
4584,sent,john,original,enron
2525,sent,enron
4722,sent,original
5261,sent,john
2104,sent
10330,sent
4570,sent,enron
5198,sent,original
6125,sent
12164,sent,original
7209,sent,original
1495,sent,original
4928,sent,original
5415,sent,john
13585,sent,original
8149,sent
1070,sent
7242,sent,original
12594,sent
10347,sent,original
1453,sent
3495,sent,john,original
4803,sent,john,original
9823,sent
10741,sent,enron
5194,sent,original
12245,sent
4763,sent,john,original
4777,sent,original,enron
6160,sent
5339,sent,enron
5203,sent,original
4626,sent,original
11974,sent,original
12778,sent,original,enron
7608,sent,enron
4893,sent,john,original
12095,sent,original
4576,sent,original,enron
3660,sent,original
4683,sent,john,original,enron
12749,sent,original,enron
7035,sent,original,enron
10955,sent
4225,sent,john,original,enron
4697,sent,john,original
4265,sent,original
6166,sent
4476,sent,john,original
6172,sent,original,enron
4583,sent,original
4464,sent,original
7121,sent,original
4650,sent
5218,sent,original
930,sent,original,enron
4874,sent,original,enron
3729,sent,enron
3373,sent,original
2963,sent,original
3897,sent,john,original,enron
6134,sent,original
3353,sent,john,original
6856,sent,original
2325,sent,john,original
13469,sent
1461,sent,original
8076,sent,original
4854,sent
4560,sent,john,original
5954,sent,original
4912,sent,original
4846,sent,john,original
9441,sent
12627,sent,original
13361,sent
9212,sent,original
11941,sent
12661,sent,original,enron
4719,sent,john,original
7357,sent,original
2332,sent,john
4648,sent,original
8047,sent,john,enron
12686,sent
4804,sent,john
6485,sent
1524,sent,original,enron
1332,sent,original
7028,sent,original,enron
10558,sent,original
3650,sent,john
3528,sent,john,original,enron
4711,sent,john,original
4897,sent,john,original,enron
12338,sent
4436,sent
7355,sent
7187,sent,original,enron
12208,sent
2255,sent,enron
4773,sent,original
12747,sent,enron
3023,sent,john,original
4920,sent,original
12694,sent
4586,sent,john,original
13336,sent,original
7040,sent
11063,sent,original
6168,sent,original,enron
7297,sent,original
6148,sent,original
7164,sent,original
1575,sent,original
4617,sent,john
4715,sent,original
12582,sent,original
10198,sent,john,enron
4423,sent
12659,sent,original,enron
7276,sent,john,original
2186,sent,enron
3551,sent,john
4778,sent,john,original,enron
9438,sent,original
2948,sent
11985,sent,original
6773,sent
11375,sent,original
7204,sent,original,enron
7160,sent,original
4561,sent,original
5192,sent,original
1498,sent
6955,sent
10057,sent
8663,sent
3854,sent,john,original,enron
4618,sent,john,original
4810,sent,john,original
6141,sent
4751,sent,john,original
10369,sent,enron
12769,sent,original,enron
4787,sent,john
12533,sent
10276,sent,enron
534,sent,original
12765,sent,original,enron
4417,sent
4460,sent,john,original
9697,sent,original
4531,sent,john,original
11232,sent,original
4800,sent,john,original
13033,sent
4909,sent,john,original
4415,sent,enron
1075,sent,original
10331,sent,original,enron
2103,sent
4551,sent,john,original
4754,sent,original
12588,sent,original
3955,sent,john,original
6167,sent,original,enron
3048,sent,enron
6163,sent,john,original
6593,sent,original
5191,sent,original
1688,sent,original
3524,sent,john,original
1526,sent,original
1264,sent,original,enron
3429,sent,enron
4578,sent,john,original
7315,sent,original
8815,sent
8617,sent,original
2990,sent,original
2106,sent,original
10892,sent
4716,sent,john,original
3673,sent,john,original
9440,sent
4542,sent,original
3947,sent,john,original
12683,sent,original
2949,sent,original
4514,sent
11242,sent
9543,sent,original
7361,sent
1580,sent,enron
4528,sent,john,original
12510,sent
4631,sent
4782,sent,john
4794,sent,john,original
4727,sent,john,original
1571,sent
4752,sent,john,original
5924,sent,original
10359,sent,original
1242,sent,original
4511,sent,john,original
12368,sent,original
3907,sent,john,original
4375,sent
12867,sent,original
4746,sent,john,original
4714,sent,john,original,enron
1507,sent,original,enron
3368,sent,original
12660,sent,original,enron
1790,sent,original
4760,sent,john
1505,sent
11119,sent,original
3410,sent,john,original
3519,sent,john,original
4481,sent
12663,sent,original
362,sent,john,original
9719,sent
7085,sent,original
10627,sent,original
4796,sent,john,original
4568,sent,john,original,enron
3375,sent,john,original
3867,sent,john,original,enron
3042,sent,enron
2109,sent,original
7082,sent,enron
4527,sent,john,original
12768,sent,original
7195,sent
4725,sent,john,original
4749,sent,john,original
11735,sent
1572,sent,original
5843,sent,original,enron
12721,sent,original,enron
2754,sent,john,original
6031,sent
4784,sent,john
10564,sent,original
4569,sent
3535,sent,original
2327,sent,john,original
3735,sent,john
4404,sent,original,enron
8295,sent
4937,sent,john,original
2112,sent,original
9627,sent,original
4435,sent
3050,sent,enron
12644,sent
1494,sent
4433,sent
4492,sent,original,enron
2912,sent,john
7011,sent
4434,sent,original
2108,sent,original
1487,sent,original,enron
7114,sent
4753,sent,john,original
4606,sent,original,enron
7012,sent,original,enron
4497,sent,original
3689,sent,john,original
11981,sent,original
13243,sent,original
10914,sent,original
1522,sent
5893,sent,original,enron
13337,sent,original
3894,sent,john,original,enron
12668,sent,original,enron
4229,sent,john,original
2118,sent,original
4755,sent,original
4458,sent,john
3188,sent,john,original
2138,sent,original
4802,sent,john,enron
8137,sent,original
11807,sent,john,original,enron
140,sent,original
8774,sent
4122,sent
5407,sent,john,original
7101,sent,original
5821,sent,john
12575,sent,original
4440,sent,original,enron
9269,sent,original
9344,sent
11940,sent
3957,sent,john,original
8281,sent,original
4592,sent,john,original
3811,sent,john
10740,sent,enron
13315,sent
5193,sent,original
3574,sent,john,original
2954,sent,original
4709,sent,john,original
4602,sent,john,original
8093,sent
2952,sent,original
4619,sent,original
4795,sent,john,original
6115,sent,original
4594,sent,john,original
2995,sent,original
10520,sent,original
8900,sent,original
12630,sent,original
4550,sent,john,original
4947,sent,original
12701,sent,original,enron
4522,sent,original
3952,sent,john,original
3732,sent,john,original
9800,sent
11948,sent,original
4674,sent,john,original,enron
4534,sent,john,original
7047,sent,enron
7397,sent
5200,sent,original
5226,sent,original
11466,sent
7804,sent
761,sent,enron
4213,sent
4843,sent,enron
7341,sent,original,enron
12318,sent
139,sent,original
469,sent
732,sent,original
3821,sent,john
5028,sent,john,original
7428,sent
3679,sent
12576,sent,original
11891,sent
12743,sent,original
10322,sent
358,sent,john
4201,sent,john,original
2960,sent,original
8077,sent,original
471,sent
10012,sent
11162,sent,john,enron
4873,sent,john,original
12225,sent,original
2953,sent,original
4906,sent,john,original
4658,sent,john,original
3931,sent,john,original
4453,sent,original
5183,sent,original
4558,sent,john,original
7183,sent,enron
4220,sent,original,enron
12681,sent
10424,sent,original
7577,sent,original
7801,sent,original
12763,sent,original
4827,sent,original
1374,sent
4410,sent,enron
10222,sent
5270,sent,enron
2777,john
3082,john
13285,john,enron
5011,john,enron
2656,john
4195,john,original,enron
4595,john,original
13468,john,enron
2201,john
8773,john,enron
4480,john
4703,john
4450,john
4194,john
5417,john,original
9597,john,enron
4888,john,enron
4831,john
2775,john
4521,john,original
4145,john
4700,john,enron
5410,john
2221,john
5402,john,enron
4923,john,original
6973,john,enron
12423,john
969,john,original
2191,john
2747,john,enron
3986,john
4033,john
5368,john
12822,john
9415,john
4616,john,original
2157,john
9745,john
4525,john
4809,john
9624,john
4693,john,original
4239,john
2717,john
2445,john
11067,john,enron
4927,john,original
7871,john,enron
2340,john
5087,john
2631,john
4667,john
2442,john
5005,john
3086,john,enron
4736,john,original
4002,john
9221,john
2395,john
4872,john
2370,john
3405,john,original
13100,john,enron
2556,john,original
10936,john,enron
12270,john
4151,john
4060,john,enron
4692,john,original
2881,john
2870,john
2740,john,enron
1948,john
4597,john
2700,john
1431,john
5157,john
5053,john,enron
4524,john
1969,john,enron
4624,john
3165,john
5094,john
6952,john
6004,john,enron
12821,john
4992,john
2802,john,enron
1992,john
3010,john,enron
2484,john
4567,john,original
4673,john,original
5021,john,enron
2005,john
4543,john,original
11040,john,enron
3192,john
4738,john,original
5296,john
2056,john
2148,john,enron
4287,john
4662,john,original
4671,john,original
4739,john
5394,john
4792,john
2200,john
3202,john
3225,john
4999,john
3366,john,original
4494,john
2706,john
5346,john,enron
8932,john
9577,john,original
12488,john,enron
4170,john,enron
5546,john
2750,john
3746,john
1914,john
2319,john,enron
4713,john,original
4883,john,original
8959,john
3016,john,enron
4654,john,enron
8398,john,original
4596,john,original
5090,john,enron
2841,john
1996,john
2094,john
3975,john,enron
2359,john
3204,john
6830,john,enron
12135,john,enron
4427,john,original
2817,john,enron
4509,john,original
4575,john,enron
4845,john,original
2862,john,enron
7588,john
11691,john,enron
4428,john
5115,john
4702,john,original
13008,john
2226,john,enron
9985,john,enron
4694,john,original
3549,john,enron
4823,john,original
2504,john
2493,john
5427,john
2033,john
10188,john,enron
2884,john
4987,john
10781,john
4125,john
5036,john,enron
4734,john,original
5314,john
4489,john,original
4997,john
8912,john,enron
3001,john,enron
5500,john
5178,john
4774,john,original
1955,john
1410,john
1903,john
5052,john
952,john
4477,john
2267,john
4217,john
3129,john
4495,john,original
1891,john
4471,john
5149,john
5537,john
2848,john
5625,john
11689,john,enron
2431,john
2407,john
3985,john
3183,john,enron
2073,john
1991,john,original
4808,john
2723,john
4718,john,original
3020,john
161,john,enron
8415,john,enron
3380,john,original
4853,john,original
2335,john,original
4798,john
5131,john
5026,john
1929,john
6082,john
2852,john
2730,john
4922,john,original
5140,john
4274,john
2032,john
1953,john,enron
2803,john,enron
2886,john
5185,john
4933,john,original
3771,john
5096,john
2051,john
2907,john
1601,john
12025,john
4832,john,original
4939,john,original
5031,john
3337,john,original
5171,john
13206,john,enron
7779,john
4934,john,original
3041,john
3355,john,original
5496,john
1945,john,original
5350,john
4457,john
4851,john,original
5424,john,enron
1898,john
2014,john
2799,john,original
2361,john
4517,john
3015,john
5126,john
4535,john
3345,john,original
5233,john,enron
9596,john,enron
10837,john,enron
5489,john
3629,john
3220,john
2831,john,enron
5127,john
2078,john
2441,john
10911,john,enron
5308,john,enron
571,john
4233,john
8329,john,enron
5151,john
4634,john
2710,john
2053,john,enron
4887,john
6213,john,enron
4698,john
2342,john,enron
4675,john
2356,john
5074,john
5122,john
2666,john,enron
4926,john,original
2422,john
2668,john
6146,john
5137,john,enron
4660,john,original
4930,john,original
7422,john
11059,john,enron
5073,john,original
8291,john,enron
4157,john,enron
4516,john,original
2800,john
1917,john,enron
3184,john
5076,john,enron
5505,john
4915,john,original
1926,john
5170,john
10671,john
4816,john
2266,john
2778,john,enron
2535,john
3233,john
1941,john
3110,john,enron
2039,john
1909,john
2664,john,enron
4699,john,original
13578,john,original
6116,john
5009,john
2558,john
2756,john
4985,john
8038,john,enron
2742,john,enron
4850,john,original
4943,john
2141,john
4761,john,original
4836,john,enron
1957,john,enron
7517,john
3970,john,enron
2462,john
1904,john
5445,john,enron
1930,john
2315,john,enron
4710,john
12074,john
4817,john
1397,john
2067,john
4867,john,original
5525,john
2673,john,enron
1435,john
4919,john
10921,john,original
11018,john
3665,john
4655,john,original
5134,john
2015,john
4668,john,original,enron
2011,john
5098,john
2599,john
3175,john
2833,john
4087,john
5443,john
5487,john,enron
2813,john
2824,john
5097,john
5133,john
5383,john
4536,john
6162,john
2757,john
3371,john
2016,john
4504,john
3974,john
2179,john
5034,john,original
2128,john,enron
2088,john
3526,john,original
4984,john
3442,john
5093,john
3479,john
4352,john
5000,john,enron
4730,john,original
5441,john
8814,john,enron
4455,john,original,enron
4852,john,original
5039,john,enron
5153,john
4726,john
6705,john
4548,john
5263,john
942,john
9595,john,enron
2805,john
4238,john
2301,john
4062,john
4625,john,enron
2031,john
1017,john
5478,john
4562,john
4124,john
2409,john
724,john
9507,john,enron
2628,john
6481,john
5397,john,enron
5438,john,enron
5439,john
6154,john
2737,john,enron
3926,john,original
4409,john,enron
54,john
3625,john,original
4538,john,original
4707,john
5015,john,enron
4790,john
5514,john
3126,john,enron
4657,john
3273,john
2023,john,enron
2825,john
3169,john
5973,john
4388,john,enron
4424,john
5156,john
4880,john
1382,john
2040,john
4973,john
2650,john
11701,john
2043,john
3061,john
4941,john,original,enron
9566,john
1902,john
3776,john
4731,john,original
13277,john,enron
2320,john
3715,john
6009,john
1968,john
2012,john
4857,john,original
5144,john
5283,john
1402,john
4373,john
2618,john
3938,john,original
2059,john
4904,john
4886,john
10769,john
2144,john
4701,john
162,john
3361,john
3476,john,original
2415,john,enron
3199,john,original
4463,john
2738,john
3886,john
2761,john,original
1949,john
4508,john,original
3098,john,enron
2008,john,enron
220,john
3351,john,original
5421,john
5288,john
5304,john
4451,john,original
505,john,enron
5030,john
3148,john
4837,john,enron
10773,john
13507,john,enron
2479,john
4838,john,original,enron
6159,john
1021,john
2913,john
2418,john
6255,john,enron
2345,john
2665,john,enron
376,john
3092,john
4270,john
4540,john
4665,john,original
5526,john
4106,john,enron
2338,john
3976,john,enron
5388,john
1164,john
4259,john
1939,john,enron
4757,john
2997,john
5242,john
2341,john,enron
1900,john,original
2820,john
4868,john
2734,john
5105,john,enron
12120,john,original
2596,john
11690,john,enron
3347,john
1933,john,enron
4094,john
4353,john
13596,john,enron
3205,john,enron
5452,john
4772,john
5121,john
3209,john
6352,john,enron
2856,john
2503,john
2847,john
9222,john
10377,john,enron
2048,john
4833,john
4519,john
2065,john
5107,john
2978,john,enron
4885,john
12161,john
2685,john
13147,john
3638,john
4830,john,enron
4884,john
8893,john,original
4741,john
4556,john,original
13116,john
4579,john,original
4614,john,original
4705,john,original
4432,john,original
8121,john
3270,john
2284,john
4061,john,enron
4762,john,original
8277,john,enron
2822,john
2262,john,enron
4487,john
4822,john
5012,john
4819,john
3130,john
4491,john,original
6673,john,enron
4479,john
3354,john,original
5423,john
2709,john
3636,john
4425,john
3178,john,enron
8825,john
7758,john,enron
5453,john,enron
1916,john
5023,john
2413,john
4067,john
5212,john,enron
1994,john,enron
4493,john
2724,john,enron
8758,john,enron
2350,john,enron
2311,john
5016,john,enron
4478,john,original
1394,john
2404,john,enron
3503,john
1932,john,enron
4144,john
3493,john
2649,john
4523,john
713,john
4063,john
2306,john
2358,john,enron
4510,john,original
2879,john
2901,john
5243,john,enron
5507,john,enron
5403,john
4608,john,original
4882,john,original
4623,john
4793,john,original
5048,john
2762,john,enron
5474,john
1928,john,enron
3411,john,original
4563,john,original
1377,john,enron
3406,john
2867,john
4770,john,original
11542,john
2050,john
4248,john,original,enron
4096,john,enron
1966,john
5079,john
3960,john,original
4685,john,original
4828,john,enron
4613,john,original
2374,john
5225,john
2092,john
5114,john
4875,john
13453,john,enron
4899,john
793,john
4512,john
1771,john
2526,john
4635,john,original
4496,john
4681,john
2860,john
2840,john
2328,john
4839,john,original,enron
2676,john
4982,john,original
4764,john
2069,john
8127,john
5228,john
7569,john
1139,john
11971,john
3258,john
1952,john,original
2158,john,enron
4807,john,enron
4797,john
5491,john
2237,john,enron
4530,john,original
5321,john,enron
7586,john
4799,john,original
4821,john
4980,john
2876,john
2819,john
2721,john
3222,john
5364,john
2994,john
1922,john
7769,john,enron
3268,john,enron
3277,john
2765,john,enron
4767,john
2859,john
2074,john
10316,original,enron
13041,original
11019,original
6151,original
12777,original
9092,original
1353,original
10696,original
4581,original
12914,original
9689,original
8054,original
11528,original
5232,original
4552,original
4656,original
8290,original
11239,original,enron
3964,original
4720,original
12284,original
13250,original
10206,original
12036,original
8120,original
9561,original
9765,original
4080,original,enron
1426,original
11711,original
3409,original
7360,original,enron
13426,original
11869,original
7413,original,enron
5227,original,enron
5766,original
12618,original
8730,original
9316,original
13434,original
8620,original
12226,original
8703,original
2197,original,enron
4834,original,enron
8477,original
5305,original,enron
1432,original
11933,original
7009,original
4678,original
4247,original
12106,original
6809,original
12893,original
8092,original
2695,original
12229,original,enron
7147,original
1407,original
5676,original,enron
12620,original
10975,original
1477,original,enron
4541,original
7810,original
9702,original,enron
1439,original
7039,original,enron
7886,original
6596,original
11710,original
10814,original
9219,original
8619,original
9458,original
12968,original
7388,original
8078,original
12577,original
7226,original
1466,original,enron
1499,original
12420,original
13202,original
4600,original
4916,original
13179,original
243,original
4566,original
12642,original
12286,original
12306,original
12242,original
6142,original,enron
10204,original
10246,original
11253,original
7190,original
1480,original
8777,original
7409,original,enron
12692,original
12712,original,enron
13222,original
13047,original
1465,original
7500,original,enron
11376,original
7349,original,enron
8599,original
4636,original
1492,original
4891,original
1356,original
1447,original,enron
11990,original
10994,original
6027,original
7682,original
12791,original
7240,original
12912,original
7381,original
7639,original
5221,original
7584,original
7313,original
6378,original
13413,original
12739,original
12708,original
1500,original
9091,original
4892,original
10160,original
1365,original
13053,original
13471,original
7688,original
11179,original
8560,original
7681,original
8139,original
1534,original
8118,original
13135,original
7636,original
12224,original
12757,original,enron
9202,original
9763,original
7412,original,enron
5720,original
1502,original
4539,original
13278,original
8589,original
12612,original
12255,original
10804,original
12472,original
7464,original
12479,original
13422,original
9323,original
8682,original
10203,original
10833,original
6228,original
7372,original
7188,original
12678,original
3344,original
11585,original,enron
4969,original
10060,original,enron
12671,original
4483,original
7680,original
6983,original
7808,original
7217,original
8588,original
1448,original
13221,original
9725,original
7174,original
9317,original
12316,original
1359,original
10271,original
12611,original
9104,original
6136,original
12568,original
9970,original
11599,original
4750,original
8978,original
12317,original
9918,original
4824,original
11592,original
8247,original
874,original
6137,original,enron
10254,original,enron
9798,original
1430,original
10029,original
4633,original
12818,original
12616,original
13318,original
12680,original,enron
7233,original
13411,original
7968,original
6150,original
11963,original
11713,original
4640,original
12645,original
2139,original
4422,original
11748,original,enron
7387,original,enron
7567,original
10354,original,enron
7634,original
4588,original
7465,original
13052,original
12543,original
12573,original
2222,original,enron
8249,original
4871,original,enron
4643,original
11310,original
2137,original
5223,original
5719,original
1371,original
12697,original,enron
6858,original
8606,original
10342,original
4590,original
7382,original,enron
4627,original
4733,original
4732,original
7057,original,enron
7823,original
11904,original,enron
3801,original
4466,original
8581,original
13424,original
9374,original
12919,original
1411,original
12266,original,enron
3083,original,enron
9716,original
1512,original,enron
12631,original
11984,original
2988,original
12087,original
11805,original
12759,original
4932,original
4459,original
8035,original
9446,original
6109,original
2143,original,enron
8727,original
9274,original
7660,original
9454,original
4470,original
8937,original
10314,original,enron
1354,original
12634,original
7363,original,enron
10389,original,enron
8151,original
12617,original
10205,original
12699,original
9315,original
3906,original
7033,original,enron
12621,original,enron
8153,original
1420,original
11180,original
3058,original,enron
479,original
12636,original
1442,original,enron
7071,original
8638,original
4805,original
8084,original
8618,original
4688,original
1578,original
7159,original
1478,original
8684,original
7102,original,enron
12624,original
13320,original
11571,original
4452,original
4591,original
11454,original
9760,original
12719,original
11725,original,enron
10002,original
11530,original
12667,original
11905,original,enron
8248,original
4724,original
7661,original
4789,original,enron
13400,original
13297,original
4659,original
8009,original
6600,original
1501,original,enron
11546,original,enron
12639,original
11038,original
4820,original
241,original
2147,original
1460,original
842,original,enron
839,original
9270,original
10757,original
4469,original
8211,original
1517,original
9294,original
4905,original
10120,original
6126,original
12717,original
13037,original
12756,original,enron
12707,original
9983,original
10233,original
12738,original
10508,original
933,original
3963,original
8079,original
4630,original
939,original,enron
8772,original
8033,original
12894,original
7167,original,enron
12687,original
13378,original
4503,original
12695,original
12572,original
4811,original
7041,original,enron
10046,original
7738,original
12713,original,enron
9444,original
9741,original,enron
8209,original
840,original
7089,original
1696,original
12647,original
7230,original,enron
4499,original
5280,original,enron
10952,original
13286,original
13262,original
8623,original
13319,original
3000,original
12714,original,enron
12604,original
1791,original
1028,original
8112,original
1390,original
6984,original
1255,original,enron
12218,original
12682,original
10365,original,enron
11489,original
10255,original,enron
10675,original
8096,original
1413,original
11490,original
12872,original
13220,original
8075,original
9295,original
12658,original
8714,original
13284,original
1513,original
7185,original,enron
12651,original
8132,original
7812,original
1473,original
8152,original
10184,original
7918,original
8901,original
11698,original,enron
13261,original
8119,original
13178,original
10161,original
8239,original
3377,original
11588,original
12802,original
13467,original
2996,original,enron
3772,original
12774,original
12000,original
1528,original,enron
11412,original
12773,original
4856,original
1468,original
1490,original
595,original
4925,original
8251,original
11557,original
12833,original
13586,original
10241,original
12394,original
7818,original
12868,original
7384,original
8621,original
4465,original
1462,original
10953,original
10025,original
13245,original
12610,original
10259,original
2989,original
4869,original,enron
7600,original
13383,original
9540,original
8052,original
12542,original
9447,original
11858,original
4637,original
13423,original
12913,original
4484,original
8085,original
13304,original
4756,original
8715,original
2991,original
8296,original
13317,original
12622,original,enron
736,original,enron
13283,original
11855,original
11697,original
12498,original
8011,original
8227,original
8725,original
3352,original
4921,original
1518,original
7049,original,enron
1425,original
7168,original,enron
4742,original
7024,original,enron
13258,original
8438,original
8154,original
12532,original
8170,original
8679,original
13338,original
8238,original
11529,original
13242,original
12766,original
4482,original
8097,original
11996,original
3750,original,enron
10225,original
7824,original
8587,original
2100,original
10245,original
4448,original
8726,original
10311,original,enron
9696,original
10304,original,enron
10228,original
8150,original
10538,original
1277,original
9698,original
11254,original
9459,original
1472,original
11973,original
11003,original
9133,original,enron
7184,original
7141,original
10647,original,enron
9799,original
9271,original
12869,original
6118,original
5219,original
11324,original
791,original
3426,original
4599,original
2136,original
10366,original,enron
8294,original
7093,original
8053,original
8406,original
9999,original
12586,original
7253,original
9888,original
11274,original
4403,enron
8577,enron
6979,enron
3079,enron
9336,enron
4263,enron
7629,enron
7216,enron
11337,enron
7831,enron
273,enron
4964,enron
3324,enron
1288,enron
9880,enron
1844,enron
12096,enron
11723,enron
6785,enron
1090,enron
12450,enron
1920,enron
4309,enron
12174,enron
9549,enron
5466,enron
11383,enron
2814,enron
2512,enron
8322,enron
7543,enron
7637,enron
7777,enron
2551,enron
3704,enron
12093,enron
12688,enron
11553,enron
9865,enron
8263,enron
7749,enron
11295,enron
4397,enron
3280,enron
6091,enron
1958,enron
7342,enron
1956,enron
5936,enron
8106,enron
1120,enron
12541,enron
8158,enron
223,enron
9414,enron
9134,enron
1773,enron
414,enron
7897,enron
11010,enron
7901,enron
8403,enron
13387,enron
4311,enron
2667,enron
9231,enron
4257,enron
9260,enron
10691,enron
7075,enron
2616,enron
11034,enron
9758,enron
4386,enron
10043,enron
2166,enron
6923,enron
9878,enron
12877,enron
9248,enron
7446,enron
10957,enron
11272,enron
6254,enron
2641,enron
9343,enron
12967,enron
3282,enron
11768,enron
5492,enron
13342,enron
1820,enron
8575,enron
12870,enron
7343,enron
1970,enron
11818,enron
7312,enron
8274,enron
798,enron
7415,enron
7330,enron
5523,enron
7596,enron
5163,enron
12334,enron
10844,enron
11406,enron
7798,enron
2366,enron
10180,enron
12185,enron
3449,enron
6426,enron
5998,enron
2149,enron
8728,enron
8083,enron
794,enron
4553,enron
2516,enron
5464,enron
4962,enron
3978,enron
467,enron
6145,enron
12931,enron
3071,enron
2965,enron
5610,enron
3469,enron
13271,enron
3631,enron
11207,enron
10687,enron
13449,enron
3991,enron
13397,enron
11514,enron
7450,enron
5465,enron
12051,enron
6075,enron
8453,enron
2735,enron
8882,enron
4283,enron
4160,enron
5879,enron
13592,enron
12387,enron
9843,enron
5088,enron
7626,enron
11766,enron
6199,enron
7328,enron
5340,enron
562,enron
13494,enron
4951,enron
11137,enron
2692,enron
12202,enron
6025,enron
10790,enron
9786,enron
3316,enron
6017,enron
13345,enron
9841,enron
6110,enron
8056,enron
11101,enron
4104,enron
7249,enron
10386,enron
12081,enron
7708,enron
2406,enron
13341,enron
8872,enron
5008,enron
5446,enron
8174,enron
6189,enron
7344,enron
7295,enron
12637,enron
7022,enron
4392,enron
13007,enron
3279,enron
13065,enron
6915,enron
7938,enron
3281,enron
3981,enron
7329,enron
623,enron
2888,enron
3288,enron
13516,enron
6726,enron
7914,enron
13267,enron
10736,enron
2864,enron
8859,enron
11145,enron
11407,enron
8538,enron
5162,enron
5534,enron
2198,enron
5310,enron
4642,enron
9992,enron
12938,enron
2565,enron
13560,enron
10232,enron
10958,enron
6703,enron
8878,enron
11002,enron
9750,enron
1680,enron
4359,enron
2892,enron
11361,enron
8659,enron
9882,enron
13395,enron
7440,enron
9047,enron
8107,enron
9431,enron
10706,enron
1605,enron
1172,enron
8801,enron
8952,enron
6930,enron
2818,enron
4991,enron
2947,enron
8187,enron
7532,enron
7197,enron
11554,enron
4645,enron
5488,enron
11536,enron
9327,enron
11259,enron
3287,enron
13464,enron
1818,enron
8317,enron
9351,enron
13071,enron
2768,enron
3003,enron
8213,enron
7300,enron
10014,enron
2716,enron
11643,enron
2239,enron
8980,enron
10903,enron
7514,enron
9145,enron
8516,enron
2576,enron
2708,enron
7410,enron
9552,enron
4082,enron
9177,enron
11035,enron
8237,enron
10771,enron
7294,enron
1048,enron
5583,enron
13010,enron
10210,enron
11615,enron
7091,enron
9568,enron
7099,enron
10486,enron
5004,enron
1361,enron
5800,enron
6452,enron
2256,enron
10680,enron
8860,enron
2726,enron
12022,enron
3428,enron
8386,enron
4308,enron
6861,enron
7447,enron
58,enron
3002,enron
7403,enron
7152,enron
8842,enron
11914,enron
7435,enron
7550,enron
12404,enron
7793,enron
11647,enron
13272,enron
9277,enron
717,enron
9673,enron
12950,enron
2537,enron
5498,enron
11388,enron
3284,enron
2410,enron
3726,enron
7079,enron
2483,enron
1915,enron
9465,enron
9080,enron
10182,enron
2851,enron
1195,enron
9933,enron
9141,enron
7083,enron
10859,enron
7339,enron
5574,enron
13176,enron
7198,enron
12388,enron
9435,enron
13457,enron
4401,enron
11943,enron
2733,enron
3433,enron
10333,enron
6819,enron
11758,enron
12643,enron
7814,enron
8387,enron
7512,enron
4156,enron
7325,enron
9834,enron
2517,enron
7206,enron
11899,enron
2472,enron
5297,enron
6165,enron
3207,enron
8824,enron
5372,enron
9406,enron
5001,enron
9437,enron
5463,enron
7050,enron
605,enron
10388,enron
13589,enron
8550,enron
1269,enron
3571,enron
3081,enron
12925,enron
13249,enron
8898,enron
4199,enron
8846,enron
677,enron
10684,enron
11907,enron
7064,enron
5338,enron
2891,enron
4006,enron
3330,enron
12770,enron
9329,enron
12463,enron
9879,enron
7032,enron
6813,enron
1419,enron
3787,enron
6269,enron
7321,enron
11752,enron
7885,enron
2654,enron
7310,enron
11419,enron
7332,enron
12435,enron
1287,enron
5532,enron
8642,enron
3249,enron
9892,enron
3739,enron
3327,enron
6980,enron
11987,enron
8761,enron
9370,enron
883,enron
11753,enron
12672,enron
11189,enron
2220,enron
7884,enron
11302,enron
9653,enron
210,enron
2755,enron
3620,enron
3274,enron
7166,enron
7095,enron
2218,enron
5038,enron
10375,enron
7966,enron
5677,enron
11519,enron
7201,enron
11459,enron
7326,enron
2199,enron
12899,enron
3094,enron
2482,enron
12044,enron
4959,enron
2530,enron
11390,enron
7643,enron
5003,enron
12011,enron
13091,enron
6108,enron
4358,enron
5092,enron
11506,enron
7391,enron
7088,enron
5982,enron
7318,enron
3271,enron
13226,enron
12344,enron
12898,enron
5914,enron
270,enron
7666,enron
6502,enron
11255,enron
1317,enron
7037,enron
11471,enron
5578,enron
8059,enron
8807,enron
9122,enron
7912,enron
1999,enron
10586,enron
2416,enron
9905,enron
3376,enron
211,enron
11496,enron
6528,enron
8040,enron
9757,enron
3064,enron
12077,enron
10181,enron
2215,enron
9826,enron
5202,enron
2640,enron
682,enron
5883,enron
3078,enron
2476,enron
797,enron
11113,enron
1240,enron
4240,enron
940,enron
2674,enron
2194,enron
12345,enron
2522,enron
2383,enron
9230,enron
12304,enron
12050,enron
3157,enron
7309,enron
11283,enron
13548,enron
1212,enron
10159,enron
7134,enron
6428,enron
490,enron
8743,enron
2729,enron
7622,enron
2821,enron
9557,enron
3668,enron
12395,enron
9881,enron
8287,enron
5555,enron
3102,enron
12709,enron
13049,enron
8289,enron
8409,enron
8881,enron
9641,enron
8754,enron
7358,enron
7084,enron
6995,enron
12407,enron
3301,enron
8928,enron
4332,enron
6797,enron
5376,enron
9781,enron
4290,enron
3569,enron
12190,enron
12783,enron
3334,enron
12487,enron
13023,enron
2421,enron
8597,enron
5065,enron
11492,enron
5130,enron
2006,enron
6977,enron
7781,enron
12879,enron
7324,enron
9657,enron
7056,enron
2079,enron
2890,enron
6272,enron
7449,enron
1171,enron
13195,enron
7445,enron
5279,enron
7962,enron
10256,enron
11460,enron
4406,enron
2863,enron
4043,enron
13197,enron
11526,enron
5917,enron
13295,enron
7008,enron
12457,enron
7070,enron
3329,enron
8564,enron
7038,enron
8573,enron
7917,enron
11156,enron
7439,enron
12018,enron
9569,enron
7323,enron
4393,enron
9292,enron
4310,enron
12391,enron
2567,enron
8224,enron
12063,enron
7425,enron
8574,enron
2080,enron
8749,enron
1273,enron
2382,enron
3283,enron
8997,enron
8494,enron
3865,enron
4172,enron
5737,enron
5160,enron
699,enron
2672,enron
9873,enron
7840,enron
12679,enron
11840,enron
12527,enron
12280,enron
5597,enron
7907,enron
9398,enron
3627,enron
689,enron
8478,enron
10722,enron
11105,enron
9166,enron
7123,enron
12100,enron
3055,enron
2236,enron
10819,enron
9280,enron
5994,enron
3097,enron
7073,enron
9356,enron
6140,enron
3246,enron
13450,enron
355,enron
803,enron
2250,enron
2985,enron
12855,enron
12403,enron
7379,enron
7029,enron
1686,enron
11391,enron
11138,enron
7278,enron
13024,enron
3307,enron
3059,enron
3808,enron
12048,enron
9300,enron
13201,enron
11288,enron
9278,enron
7692,enron
2855,enron
3691,enron
11072,enron
3706,enron
8845,enron
6270,enron
7303,enron
1935,enron
9150,enron
3265,enron
1060,enron
5675,enron
2957,enron
9258,enron
12863,enron
5258,enron
8493,enron
4182,enron
8497,enron
8007,enron
8996,enron
7054,enron
8942,enron
5247,enron
5040,enron
7052,enron
9272,enron
3244,enron
12999,enron
1289,enron
2917,enron
9430,enron
5953,enron
11961,enron
7365,enron
6120,enron
7140,enron
13129,enron
9785,enron
10293,enron
4402,enron
5300,enron
10893,enron
11395,enron
11861,enron
1089,enron
7348,enron
5302,enron
4842,enron
2766,enron
2047,enron
3969,enron
2752,enron
6822,enron
3245,enron
12305,enron
6218,enron
7385,enron
6078,enron
11139,enron
3795,enron
518,enron
8713,enron
8481,enron
6989,enron
11970,enron
5502,enron
5269,enron
4381,enron
3075,enron
3024,enron
8232,enron
12991,enron
3027,enron
9900,enron
7034,enron
7081,enron
6656,enron
12852,enron
7501,enron
7027,enron
7720,enron
6459,enron
9797,enron
7137,enron
9470,enron
3223,enron
9948,enron
658,enron
7716,enron
2519,enron
13061,enron
5584,enron
8344,enron
776,enron
13130,enron
4017,enron
6685,enron
12997,enron
5926,enron
8944,enron
11533,enron
9768,enron
12355,enron
4079,enron
5333,enron
7000,enron
2885,enron
6112,enron
11706,enron
6425,enron
5276,enron
4049,enron
10020,enron
6302,enron
2228,enron
12102,enron
2764,enron
11386,enron
11464,enron
6298,enron
6410,enron
32,enron
1925,enron
1162,enron
8105,enron
11962,enron
1132,enron
3325,enron
13535,enron
7298,enron
4565,enron
7411,enron
10730,enron
8444,enron
11206,enron
7072,enron
2790,enron
3021,enron
2289,enron
13082,enron
8699,enron
7248,enron
9962,enron
13567,enron
2647,enron
7354,enron
5081,enron
2919,enron
10985,enron
11016,enron
9545,enron
13385,enron
3855,enron
7508,enron
8766,enron
1761,enron
11427,enron
8495,enron
2589,enron
7404,enron
12276,enron
1918,enron
1032,enron
12315,enron
7346,enron
10307,enron
6803,enron
299,enron
4966,enron
11696,enron
8273,enron
5576,enron
9189,enron
4347,enron
2962,enron
9268,enron
10045,enron
10904,enron
12587,enron
2178,enron
3153,enron
6164,enron
7665,enron
8215,enron
11146,enron
8280,enron
3819,enron
5152,enron
13418,enron
2175,enron
7767,enron
2233,enron
5095,enron
8929,enron
1617,enron
7919,enron
6424,enron
2163,enron
6068,enron
7285,enron
13356,enron
7150,enron
5184,enron
12282,enron
5931,enron
7620,enron
2655,enron
9404,enron
9787,enron
6056,enron
9754,enron
12289,enron
2518,enron
2880,enron
9910,enron
4141,enron
1434,enron
7100,enron
11409,enron
7122,enron
13199,enron
9903,enron
5792,enron
13029,enron
7963,enron
12278,enron
12876,enron
1231,enron
1801,enron
11073,enron
10115,enron
6745,enron
10623,enron
7380,enron
10016,enron
6732,enron
8223,enron
9734,enron
1583,enron
4164,enron
7851,enron
814,enron
1721,enron
1846,enron
3708,enron
1822,enron
2489,enron
13274,enron
653,enron
330,enron
10157,enron
8643,enron
3060,enron
2451,enron
13466,enron
253,enron
625,enron
5556,enron
6991,enron
10383,enron
9002,enron
10993,enron
10702,enron
1133,enron
6171,enron
7426,enron
2054,enron
8771,enron
12386,enron
7051,enron
10746,enron
8031,enron
12859,enron
2542,enron
13439,enron
5234,enron
7351,enron
11060,enron
10326,enron
6990,enron
1265,enron
9261,enron
7664,enron
12188,enron
1913,enron
10747,enron
7830,enron
12385,enron
11630,enron
12891,enron
8769,enron
127,enron
8109,enron
8177,enron
9753,enron
1921,enron
2171,enron
3724,enron
7430,enron
12381,enron
7104,enron
12830,enron
1555,enron
13027,enron
10190,enron
11535,enron
12091,enron
5018,enron
13228,enron
12847,enron
9902,enron
2661,enron
2450,enron
10008,enron
2793,enron
10667,enron
12554,enron
911,enron
6584,enron
7162,enron
1762,enron
4039,enron
7045,enron
5932,enron
8431,enron
8451,enron
8687,enron
7658,enron
3296,enron
9528,enron
7362,enron
7635,enron
4400,enron
12945,enron
4174,enron
2605,enron
2823,enron
13410,enron
8027,enron
7196,enron
10738,enron
12684,enron
7795,enron
4398,enron
7436,enron
5746,enron
2474,enron
9901,enron
2553,enron
10178,enron
9532,enron
4281,enron
9819,enron
4037,enron
8689,enron
6601,enron
2381,enron
7087,enron
2707,enron
11281,enron
6883,enron
829,enron
8268,enron
2744,enron
10829,enron
11896,enron
10026,enron
3383,enron
9956,enron
9060,enron
11856,enron
8379,enron
7490,enron
7645,enron
11627,enron
3684,enron
427,enron
2293,enron
13583,enron
2774,enron
7353,enron
4042,enron
12860,enron
8559,enron
9497,enron
9075,enron
7163,enron
11501,enron
6573,enron
6662,enron
6628,enron
560,enron
1643,enron
10090,enron
3170,enron
3037,enron
5627,enron
5281,enron
3384,enron
10264,enron
10669,enron
9661,enron
11190,enron
3040,enron
1340,enron
11947,enron
9450,enron
10693,enron
5635,enron
3286,enron
10454,enron
10580,enron
11405,enron
2117,enron
2909,enron
7199,enron
8474,enron
5029,enron
2009,enron
7208,enron
12259,enron
6581,enron
11158,enron
12356,enron
2689,enron
2940,enron
2362,enron
5262,enron
4243,enron
379,enron
1322,enron
12923,enron
10000,enron
3215,enron
3269,enron
13198,enron
3309,enron
6583,enron
13175,enron
2470,enron
9250,enron
12049,enron
7539,enron
7835,enron
6365,enron
3259,enron
12340,enron
9256,enron
4166,enron
3311,enron
12112,enron
11834,enron
9147,enron
8337,enron
7407,enron
71,enron
13163,enron
11635,enron
7119,enron
13412,enron
6860,enron
5138,enron
5582,enron
13499,enron
454,enron
6384,enron
7642,enron
8998,enron
7194,enron
12001,enron
5504,enron
12412,enron
11403,enron
5320,enron
12397,enron
1983,enron
7394,enron
2984,enron
3089,enron
9417,enron
7451,enron
6632,enron
4948,enron
2918,enron
9070,enron
7625,enron
11332,enron
12689,enron
2405,enron
1947,enron
394,enron
1908,enron
7452,enron
12046,enron
4075,enron
8572,enron
3112,enron
9201,enron
10944,enron
4140,enron
8173,enron
7333,enron
13518,enron
2013,enron
8029,enron
7694,enron
10841,enron
2427,enron
9752,enron
8755,enron
8615,enron
8921,enron
11998,enron
10557,enron
3298,enron
7800,enron
10114,enron
4188,enron
7139,enron
6976,enron
8266,enron
12516,enron
7282,enron
8646,enron
9830,enron
8339,enron
7448,enron
11765,enron
7389,enron
10737,enron
4405,enron
2728,enron
11534,enron
7768,enron
2636,enron
877,enron
984,enron
7615,enron
9264,enron
6266,enron
552,enron
138,enron
4040,enron
2610,enron
6429,enron
4034,enron
3230,enron
574,enron
9889,enron
12875,enron
936,enron
8747,enron
11135,enron
7322,enron
8430,enron
9023,enron
2076,enron
3057,enron
821,enron
3331,enron
2581,enron
7431,enron
10779,enron
11044,enron
8954,enron
972,enron
9475,enron
2527,enron
8130,enron
7192,enron
7378,enron
11502,enron
2511,enron
8700,enron
12300,enron
4171,enron
10808,enron
12277,enron
3310,enron
6043,enron
5282,enron
11493,enron
8368,enron
11392,enron
4847,enron
12998,enron
12314,enron
10780,enron
7770,enron
10212,enron
7044,enron
13208,enron
7587,enron
6406,enron
8827,enron
2196,enron
2715,enron
3289,enron
5250,enron
13442,enron
11450,enron
8061,enron
2807,enron
7516,enron
831,enron
13568,enron
7762,enron
11525,enron
11729,enron
10479,enron
9796,enron
3990,enron
9301,enron
5013,enron
5686,enron
11009,enron
908,enron
5025,enron
9253,enron
3119,enron
2444,enron
9405,enron
1319,enron
2529,enron
8030,enron
7861,enron
1144,enron
5860,enron
12390,enron
11404,enron
10323,enron
13270,enron
9883,enron
9829,enron
7700,enron
3472,enron
6674,enron
5316,enron
6871,enron
3326,enron
2068,enron
3226,enron
8983,enron
7136,enron
1778,enron
4115,enron
1943,enron
5640,enron
4348,enron
12405,enron
11408,enron
